"Tu potencial es infinito.",
"Cree en ti y todo será posible.",
"Cada día es una nueva oportunidad para brillar.",
"No cuentes los días haz que los días cuenten.",
"Eres más fuerte de lo que crees.",
"La felicidad es una dirección no un destino.",
"Si puedes soñarlo puedes hacerlo.",
"Tu único límite eres tú mismo.",
"Lo mejor está por venir.",
"Sonríe hoy es un regalo.",
"Pequeños pasos llevan a grandes metas.",
"Todo esfuerzo tiene su recompensa.",
"No te detengas hasta que estés orgulloso.",
"La actitud lo es todo.",
"Hoy es un buen día para tener un gran día.",
"Haz de cada día tu obra maestra.",
"Tu energía atrae tu realidad.",
"Nada es imposible para una mente dispuesta.",
"Eres suficiente tal y como eres.",
"La confianza en uno mismo es el primer secreto del éxito.",
"Transforma tus heridas en sabiduría.",
"Incluso la noche más oscura terminará y el sol saldrá.",
"Sé la razón por la que alguien sonría hoy.",
"Donde hay ganas hay mil formas.",
"No dejes que el ruido de los demás apague tu voz interior.",
"Equivocarse es parte de crecer.",
"Tu brillo no molesta si el otro tiene luz propia.",
"Mira hacia atrás solo para ver cuánto has avanzado.",
"La vida es corta vívela con pasión.",
"Sé tu propio héroe.",
"Respira todo va a estar bien.",
"La magia sucede fuera de tu zona de confort.",
"Eres el arquitecto de tu propio destino.",
"Rodéate de personas que te hagan sumar.",
"Un día a la vez.",
"El éxito es la suma de pequeños esfuerzos repetidos.",
"Brilla sin pedir permiso.",
"Nunca es tarde para ser quien quieres ser.",
"La gratitud convierte lo que tenemos en suficiente.",
"Hoy vas a conquistar el mundo."

